{
    "accuracy": 0.8574,
    "macro_f1": 0.6073991340585279,
    "weighted_f1": 0.8439704718218889,
    "per_class_f1": {
        "negative": 0.7877629063097514,
        "mixed": 0.11728395061728394,
        "positive": 0.9171505452485483
    },
    "test_samples": 5000
}